,SCFA,BestAlpha,BestL1Ratio,R2,Muribaculaceae,Faecalibaculum,Parasutterella,Bacteroides,Akkermansia-muciniphila,Bacteroides-acidifaciens,Lachnospiraceae-NK4A136-group,Parabacteroides-goldsteinii,Bacteroides-uniformis,Alloprevotella,Clostridia-UCG-014,Lachnospiraceae,Desulfovibrionaceae,Escherichia-Shigella,Oscillospiraceae,Helicobacter-ganmani,Bacteroides-vulgatus-ATCC-8482,Mucispirillum-schaedleri,Lachnospiraceae-bacterium-28-4,Clostridia-vadinBB60-group,Muribaculum,Colidextribacter,Rikenellaceae-RC9-gut-group,Alistipes,Lachnoclostridium,Oscillibacter,Roseburia,Lachnospiraceae-bacterium-10-1,Parabacteroides,Dubosiella-newyorkensis,Ruminococcaceae,Peptococcaceae,Anaerotruncus,Lactobacillus,Desulfovibrio,Bacteroides-caecimuris,Ruminococcus-sp.-N15.MGS-57,mouse-gut-metagenome,Candidatus-Saccharimonas,Odoribacter
0,Acetate,1466.349711610861,0.0001,0.0,0.0,-0.0,-0.0,-0.0,-0.0,3.188203582446977e-20,0.0,-0.0,-0.0,0.0,0.0,0.0,-0.0,-0.0,0.0,-0.0,-0.0,0.0,-0.0,-0.0,0.0,-0.0,-0.0,-0.0,0.0,0.0,0.0,0.0,-0.0,-0.0,-0.0,-0.0,-0.0,-0.0,-0.0,0.0,0.0,0.0,-0.0,-0.0
1,Butyrate,0.01924319174155552,0.99,0.17075298510456427,0.0,0.0,3.0848448950893244,5.414435314131638,-0.0,2.0286808857237797,4.517030017663974,-0.0,0.5344471943315321,-0.0,3.0379335684932984,-0.0,-0.0,-0.0,-0.0,0.0,-0.0,-0.0,-0.0,-0.0,0.0,-0.0,-0.0,-0.0,-0.0,-0.0,0.0,-0.0,-0.0,-0.0,-0.0,-0.0,-0.0,-0.0,-0.0,-0.0,-0.0,0.0,-0.0,-0.0
2,Propionate,0.007884551188351165,0.1,0.4641462385658033,2.9810362274681155,-0.2792201211970135,-2.2490770300453278,-3.306757403733112,2.6556982255475328,7.4091778886454716,-0.16188817385234475,-3.8455782616797674,6.992038679447484,-1.2950019273009912,0.0,-1.1548149146221254,-3.0427706702783714,1.5724602092365023,-0.6660190490172888,-0.7045638956792567,-0.5497978511469037,0.2382782321575077,-0.6774256242959442,-0.8450678158471014,1.2052014880938866,-0.41803611622930203,-0.6098150446964049,-1.0336188349854214,0.15959778071856826,-0.12560723280156577,0.0,2.0099767688728574,-0.590112298203895,-0.6878726738936018,-0.3989133370375063,-0.14061179675897764,-0.21312421290457878,-0.4530582778315184,-0.3191067373001995,1.406702474193966,1.0790373474598511,-0.027596445621397375,-0.6862230225331576,-0.4024548284472557
