SCFA,BestAlpha,L1Ratio,R2,Muribaculaceae,Akkermansia-muciniphila,Bacteroides-acidifaciens
Acetate,311.9979100578834,0.0001,0.0,0.0,-0.0,0.0
Butyrate,216.71211646805628,0.0001,0.0,-0.0,-0.0,0.0
Propionate,0.007831257963049527,1.0,0.045537777617093766,-0.20823827804641656,-1.7865455236936678,4.412638544922372
