SCFA,BestAlpha,R2,Muribaculaceae,Akkermansia-muciniphila,Bacteroides-acidifaciens
Acetate,0.031199791005788326,0.0,0.0,-0.0,8.006745320777427e-16
Butyrate,0.02167121164680563,0.0,-0.0,-0.0,0.0
Propionate,0.007831257963049527,0.045537777617093766,-0.20823827804641656,-1.7865455236936678,4.412638544922372
