SCFA,R2,Muribaculaceae,Akkermansia_dash_muciniphila,Bacteroides_dash_acidifaciens,Bacteroides_dash_uniformis,Parasutterella,Faecalibaculum,Bacteroides,Clostridia_dash_UCG_dash_014,Lachnospiraceae_dash_NK4A136_dash_group,Alloprevotella,Lachnospiraceae,Escherichia_dash_Shigella,Parabacteroides_dash_goldsteinii,Desulfovibrionaceae,Helicobacter_dash_ganmani,Oscillospiraceae,Mucispirillum_dash_schaedleri,Lachnospiraceae_dash_bacterium_dash_10_dash_1,Muribaculum,Roseburia
Acetate,0.5950987271178422,0.07598100000149428,0.037067087342511115,0.03634618495711812,0.021552157633985904,0.06030115273094277,0.0321728285234717,0.050099529593808846,0.10880069796039919,0.037079208190682916,0.03771379354359667,0.07416213654279685,0.04521028171031641,0.0953762986844234,0.04595632839721473,0.02993136226412728,0.06881586960126279,0.049293883831997475,0.03346176205703228,0.009707174132702195,0.05097126230011513
Butyrate,0.6601139109760515,0.11286289883995032,0.03990888639787246,0.03324446429431205,0.026297543675409086,0.09055498490160421,0.05108835165000989,0.04095793650750998,0.1335378740088209,0.026716629068144638,0.04796872234198465,0.026540526041122628,0.0563876865436998,0.07715234893590761,0.032290828317918185,0.021307559440010625,0.041754289317074526,0.03894520834272394,0.04476719128504541,0.011907951952130555,0.045808118138748556
Propionate,0.5574341085379139,0.03718500547716207,0.04147882761653253,0.06309486441531302,0.023311832133486036,0.09238504095893736,0.029168211541805263,0.1208837580590498,0.07611862351245922,0.020684055804311364,0.033433183207000276,0.022006964667729206,0.04622954439545965,0.0327421017288083,0.12188486504305746,0.028559085299214658,0.0487964217276944,0.024773457115675985,0.040072375371135886,0.015088895621693674,0.08210288630347375
