,SCFA,BestAlpha,BestL1Ratio,R2,Muribaculaceae,Akkermansia-muciniphila,Bacteroides-acidifaciens,Faecalibaculum,Parasutterella,Bacteroides-uniformis,Bacteroides,Alloprevotella,Clostridia-UCG-014,Lachnospiraceae-NK4A136-group,Lachnospiraceae,Escherichia-Shigella,Parabacteroides-goldsteinii,Desulfovibrionaceae,Helicobacter-ganmani,Mucispirillum-schaedleri,Oscillospiraceae,Muribaculum,Lachnospiraceae-bacterium-10-1,Roseburia,Colidextribacter,Lachnoclostridium,Clostridia-vadinBB60-group,Bacteroides-vulgatus-ATCC-8482,Lachnospiraceae-bacterium-28-4,Oscillibacter,Rikenellaceae-RC9-gut-group,Alistipes,Dubosiella-newyorkensis,Ruminococcus-sp.-N15.MGS-57,Parabacteroides,Bacteroides-caecimuris,Lactobacillus,Anaerotruncus,Ruminococcaceae,Bilophila,Desulfovibrio,Gastranaerophilales,mouse-gut-metagenome,Helicobacter-mastomyrinus
0,Acetate,0.0066607474427174415,1.0,0.390432295559599,19.57116409427033,0.0,3.137917821880864,-0.0,-0.0,0.0,-1.0864014327869878,-106.90626888200735,-0.0,55.65033411069686,0.0,-16.213296943919833,-0.0,-85.33712349396063,-0.0,0.0,-0.0,0.0,0.0,0.0,-0.0,0.0,-0.0,-0.0,-0.0,-0.0,-0.0,-0.0,-0.0,0.0,-0.0,43.46916156152071,-0.0,-0.0,-0.0,0.0,0.0,0.0,0.0,-0.0
1,Butyrate,0.004657831468360778,0.1,0.11186826664250427,4.345184123982677,0.2790589340568348,1.9159694579188733,1.1559835923830128,0.5985703289131847,-0.06350211659765549,0.4991800989475022,-1.8495322818876456,-0.594404304872525,0.8546110028656688,0.27953100666114605,-1.6518890235597021,0.13664929741736967,-1.1551451064128757,-0.3068812072497819,0.3315444874533038,0.0,0.0,-0.02139115360121941,0.09135429317684583,-0.0,0.100085958893376,-0.18858434464523216,-0.0,-0.3363698700063376,-0.0,-0.2625956613256942,-0.3546733762879993,-0.0,0.0,-0.20491032639093648,1.3329238584512015,-0.0,-0.0,-0.0,0.0,0.0,-0.0,0.031331916523214334,-0.0
2,Propionate,0.0036110728834618635,1.0,0.8005736306350625,19.774157384775915,0.0,8.710254289407485,-0.17505553806518348,0.0,0.0,5.73933355631706,-123.56257321408187,-0.0,0.0,-0.0,-9.490201228244384,-0.0,-104.52462710423467,-0.0,0.0,-0.0,0.0,0.0,0.0,-0.0,0.0,-0.0,-0.0,0.0,-0.0,-0.0,-0.0,-0.0,-0.0,-0.0,113.4091065474026,-0.0,-0.0,-0.0,0.0,-0.0,-0.0,0.0,-0.0
