,SCFA,BestAlpha,BestL1Ratio,R2,Muribaculaceae,Faecalibaculum,Parasutterella,Bacteroides,Akkermansia-muciniphila,Bacteroides-acidifaciens,Lachnospiraceae-NK4A136-group,Parabacteroides-goldsteinii,Bacteroides-uniformis,Alloprevotella,Clostridia-UCG-014,Lachnospiraceae,Desulfovibrionaceae,Escherichia-Shigella,Oscillospiraceae,Helicobacter-ganmani,Bacteroides-vulgatus-ATCC-8482,Mucispirillum-schaedleri,Lachnospiraceae-bacterium-28-4,Clostridia-vadinBB60-group,Muribaculum,Colidextribacter,Rikenellaceae-RC9-gut-group,Alistipes,Lachnoclostridium,Oscillibacter,Roseburia,Lachnospiraceae-bacterium-10-1,Parabacteroides,Dubosiella-newyorkensis,Ruminococcaceae,Peptococcaceae,Anaerotruncus,Lactobacillus,Desulfovibrio,Bacteroides-caecimuris,Ruminococcus-sp.-N15.MGS-57,mouse-gut-metagenome,Candidatus-Saccharimonas,Odoribacter
0,Acetate,2436.5605034277073,0.0001,0.0,-1.9186613454112954e-20,0.0,-0.0,0.0,-0.0,0.0,-0.0,0.0,-0.0,0.0,-0.0,0.0,0.0,-0.0,0.0,0.0,-0.0,0.0,0.0,0.0,-0.0,0.0,0.0,0.0,0.0,0.0,0.0,0.0,0.0,-0.0,0.0,0.0,0.0,0.0,0.0,0.0,-0.0,0.0,0.0,0.0
1,Butyrate,0.0020691364794581607,1.0,0.6301030929653346,-2.989828345754944,-0.1728923128048909,-3.865808133725872,-2.056051705563676,0.0,0.0,-7.562022217816266,5.338665283566645,-2.541214126584941,6.474746604362133,-1.2354301918278667,-0.0,6.202300754999868,-2.69452940958267,-2.0915750382226377,-0.0,-2.696028022766039,-10.15441963110895,52.341506672364005,-0.0,-0.0,-0.0,13.857792027630666,3.258769106484252,0.0,-0.0,0.0,-0.0,0.0,0.0,0.0,0.0,0.0,0.0,0.0,0.0,-4.391245125694166,0.0,0.0,0.0
2,Propionate,0.004593373470826255,0.1,0.29751538138532163,-6.436763065513427,0.14144288669979657,-3.496922147000904,-7.256912279895575,-3.582344344802288,-0.18067030114027213,-4.049307811813164,-0.23698520301243178,-3.806253157155573,7.247343024041955,-1.665130036261529,0.3328196698180852,6.387302485812513,-3.4037475117264147,-0.25204733515004085,2.570924027999561,-0.7952243515606966,-1.4155404693185063,1.797449782917779,0.6843495357989213,-0.29642301965282114,0.4314410090704037,3.1838945877308777,2.8133095472592355,0.21654891886224084,-0.32773975427051194,1.2263925776909352,-1.191150396332037,3.310747051194721,-0.13577427937557832,0.6732202744473814,-0.07492918434493892,0.999934117555004,1.1650637252908496,0.2174622637731615,1.3202273401430298,-1.281763943659994,0.0,-0.1534144285302257,1.5578241786901323
