,SCFA,BestAlpha,BestL1Ratio,R2,Muribaculaceae,Akkermansia-muciniphila,Bacteroides-acidifaciens,Faecalibaculum,Parasutterella,Bacteroides-uniformis,Bacteroides,Alloprevotella,Clostridia-UCG-014,Lachnospiraceae-NK4A136-group,Lachnospiraceae,Escherichia-Shigella,Parabacteroides-goldsteinii,Desulfovibrionaceae,Helicobacter-ganmani,Mucispirillum-schaedleri,Oscillospiraceae,Muribaculum,Lachnospiraceae-bacterium-10-1,Roseburia,Colidextribacter,Lachnoclostridium,Clostridia-vadinBB60-group,Bacteroides-vulgatus-ATCC-8482,Lachnospiraceae-bacterium-28-4,Oscillibacter,Rikenellaceae-RC9-gut-group,Alistipes,Dubosiella-newyorkensis,Ruminococcus-sp.-N15.MGS-57,Parabacteroides,Bacteroides-caecimuris,Lactobacillus,Anaerotruncus,Ruminococcaceae,Bilophila,Desulfovibrio,Gastranaerophilales,mouse-gut-metagenome,Helicobacter-mastomyrinus,AddVar
0,Acetate,27348.48329981442,0.0001,0.0,0.0,-0.0,0.0,-0.0,-0.0,-0.0,-0.0,0.0,0.0,0.0,0.0,-0.0,-0.0,0.0,0.0,0.0,0.0,0.0,0.0,0.0,0.0,0.0,0.0,-0.0,-0.0,0.0,0.0,0.0,-0.0,0.0,0.0,0.0,-0.0,0.0,0.0,0.0,-0.0,0.0,0.0,-0.0,-0.0
1,Butyrate,456.3732542247747,0.0001,0.010432338601266355,-0.0,0.0,0.0,-0.0,0.0,0.0,0.0,-0.0,0.0,0.0,-0.0,-0.0,0.0,0.0,0.0,-0.0,-0.0,0.0,-0.0,0.0,-0.0,-0.0,-0.0,0.0,-0.0,-0.0,-0.0,-0.0,-0.0,-0.0,-0.0,-0.0,-0.0,-0.0,-0.0,-0.0,-0.0,0.0,-0.0,0.0,-0.010881455002791031
2,Propionate,0.006955868532155415,0.1,0.38027525116042815,5.711109160516961,4.270496566312969,6.741850400603576,0.901907085433121,-1.2390717403039782,5.630141949547005,-3.3912401442854208,0.35532096637750965,-0.8211123971527342,0.11542745179416826,0.16107315834688368,2.576478361317514,-2.4018702773253278,-0.5904285206481403,0.20920505861952549,0.4115621885253664,0.0704478862053464,0.8876084990332334,2.255670785560972,0.21246430611538206,0.0,0.18788114881558696,-0.0,-0.3058066473459865,-0.020143466927704103,0.0,0.24803564394223906,-0.0,-0.4029219000505015,1.1446111350243913,-0.0,1.0285795692831432,-0.0,0.0,-0.0,0.1849353085587395,-0.0,0.4330894203862729,0.0,0.0,-0.006311451979228944
