,SCFA,BestAlpha,BestL1Ratio,R2,Muribaculaceae,Akkermansia-muciniphila,Bacteroides-acidifaciens,Faecalibaculum,Parasutterella,Bacteroides-uniformis,Bacteroides,Alloprevotella,Clostridia-UCG-014,Lachnospiraceae-NK4A136-group,Lachnospiraceae,Escherichia-Shigella,Parabacteroides-goldsteinii,Desulfovibrionaceae,Helicobacter-ganmani,Mucispirillum-schaedleri,Oscillospiraceae,Muribaculum,Lachnospiraceae-bacterium-10-1,Roseburia,Colidextribacter,Lachnoclostridium,Clostridia-vadinBB60-group,Bacteroides-vulgatus-ATCC-8482,Lachnospiraceae-bacterium-28-4,Oscillibacter,Rikenellaceae-RC9-gut-group,Alistipes,Dubosiella-newyorkensis,Ruminococcus-sp.-N15.MGS-57,Parabacteroides,Bacteroides-caecimuris,Lactobacillus,Anaerotruncus,Ruminococcaceae,Bilophila,Desulfovibrio,Gastranaerophilales,mouse-gut-metagenome,Helicobacter-mastomyrinus,SCFA_fdb
0,Acetate,67.4890728061526,0.0001,0.009920797992817199,-0.003991989971859484,-0.0006182307763249095,7.615554638822432e-07,-0.0004784848360330386,-0.00042283918771339495,-0.0005433021343005875,0.0,-0.0001471922487382619,-0.00011436600214656986,-0.00013136187460218788,-0.0,-8.3222303666368e-05,0.00015186896649872967,0.00010584353922290089,2.4217895484461026e-05,-0.0,-0.0,-0.0,-0.0,0.0,-0.0,-0.0,0.0,-0.0,0.00011359990911539234,-0.0,0.0,0.0,-0.0,-0.0,0.0,0.0,0.0,0.0,0.0,-0.0,0.0,0.0,0.0,-0.0,-0.039369763398355934
1,Butyrate,0.18712276957021157,0.1,0.08624318766042705,-0.6843522972231,-0.05383229322929574,0.0,-0.0,-0.0109480929266573,-0.011286411615311524,0.0,-0.0,-0.0,-0.0,-0.0,-0.0,0.0,0.0,0.0,-0.0,-0.0,-0.0,-0.0,0.0,-0.0,-0.0,0.0,-0.0,0.0,-0.0,-0.0,0.0,-0.0,-0.0,0.0,0.0,-0.0,0.0,0.0,-0.0,-0.0,-0.0,-0.0,-0.0,-0.16477730844265812
2,Propionate,0.00388706165168011,1.0,0.30027481132577294,-6.232220267272682,0.7436111181137963,4.946224890815345,-0.8467924602443336,-6.450965624727104,0.7225664688530328,-20.20930460314975,16.356631968614526,-0.0,-14.166565716207113,-0.0,-0.8568086029795041,-0.0,42.651949964567,0.0,-0.0,-0.0,-0.0,1.6824852494218703,0.0,-0.0,0.0,-0.0,-0.0,0.0,-0.0,0.0,0.0,-0.0,0.0,65.00794185444535,15.121256047294391,0.0,0.0,0.0,-0.0,-0.0,-0.0,-0.0,-0.0,-0.2415159073803562
